Designator;Val;Package;Mid X;Mid Y;Rotation;Layer
TP6;5017;5017;-147.320000;-81.280000;180.000000;bottom
TP7;5017;5017;-162.560000;-86.360000;-90.000000;bottom
